{
  "bmode_SNR_dB_mean": 3.9883627462795923,
  "bmode_SNR_dB_std": 0.5095915398467362,
  "bmode_PSNR_dB_mean": 10.135287118112082,
  "bmode_PSNR_dB_std": 1.529023029838887,
  "bmode_SSIM_mean": 0.07312217368284718,
  "bmode_SSIM_std": 0.006778015365726081,
  "contrast_gt_dB_mean": -2.834515208280143,
  "contrast_gt_dB_std": 2.554396612293229,
  "contrast_pred_dB_mean": -0.748806902234099,
  "contrast_pred_dB_std": 0.9758439803270735,
  "speckle_SNR_gt_mean": 2.3912411713235455,
  "speckle_SNR_gt_std": 0.10911276694544185,
  "speckle_SNR_pred_mean": 25.58007618912305,
  "speckle_SNR_pred_std": 14.341825830523431,
  "speckle_FWHM_axial_gt_mm_mean": 0.27596976620650343,
  "speckle_FWHM_axial_gt_mm_std": 0.07375602244663153,
  "speckle_FWHM_axial_pred_mm_mean": 0.5901317768433714,
  "speckle_FWHM_axial_pred_mm_std": 0.23607984421586162,
  "speckle_FWHM_lateral_gt_mm_mean": 0.024916666666667097,
  "speckle_FWHM_lateral_gt_mm_std": 0.1041192892258167,
  "speckle_FWHM_lateral_pred_mm_mean": 1.985666666666701,
  "speckle_FWHM_lateral_pred_mm_std": 0.413502787844969
}