{
  "bmode_SNR_dB_mean": 13.34278751551475,
  "bmode_SNR_dB_std": 0.9905934977933368,
  "bmode_PSNR_dB_mean": 16.977183455357615,
  "bmode_PSNR_dB_std": 0.7228349214253859,
  "bmode_SSIM_mean": 0.29416787332038685,
  "bmode_SSIM_std": 0.043703240771578444,
  "contrast_gt_dB_mean": -4.80318434725535,
  "contrast_gt_dB_std": 3.7098835654340854,
  "contrast_pred_dB_mean": -1.2303168448682549,
  "contrast_pred_dB_std": 3.50379363815122,
  "cnr_gt_mean": 0.37606737654182787,
  "cnr_gt_std": 0.168850918393453,
  "cnr_pred_mean": 0.2800980786836616,
  "cnr_pred_std": 0.15145851000558716,
  "speckle_SNR_gt_mean": 2.263009752848771,
  "speckle_SNR_gt_std": 0.18496747326717286,
  "speckle_SNR_pred_mean": 2.2985933484565213,
  "speckle_SNR_pred_std": 0.9524174139797958,
  "speckle_FWHM_axial_gt_mm_mean": 0.1379848559697469,
  "speckle_FWHM_axial_gt_mm_std": 0.14751201588632626,
  "speckle_FWHM_axial_pred_mm_mean": 0.059136366844177245,
  "speckle_FWHM_axial_pred_mm_std": 0.1182727336883545,
  "speckle_FWHM_lateral_gt_mm_mean": 0.24533487955729166,
  "speckle_FWHM_lateral_gt_mm_std": 0.22948976608220892,
  "speckle_FWHM_lateral_pred_mm_mean": 0.337335459391276,
  "speckle_FWHM_lateral_pred_mm_std": 0.20342093586964244
}